"n","media","variancia","razao_var_media","proporcao_zeros","min","q1","mediana","q3","max"
4406,5.77439854743532,45.6871174020773,7.91201317795585,0.155015887426237,0,1,4,8,89
